{
"ROCKET_DATA": {
    "BODY_DIAMETER": 6.17,
    "INITIAL_CD":0.294,
    "ELEVATION":4500,
    "GOAL_APOGEE":14500,
    "ENGINE_FILE":"AeroTech_M2400T.csv",
    "LAUNCH_RAIL_PHI":1,
    "LAUNCH_RAIL_THETA":0,
    "SPIN_VEL":0,
    "SPIN_POS":0,
    "AIRBRAKE_DEPLOY_TIME":3,
    "WET_MASS": 54,
    "DRY_MASS": 38,
    "Z_ACCELERATION": 0,
    "Z_VELOCITY":0,
    "Z_POSITION":0,
    "Z_MOMENTUM":0,
    "Y_ACCELERATION": 0,
    "Y_VELOCITY":0,
    "Y_POSITION":0,
    "X_ACCELERATION": 0,
    "X_VELOCITY":0,
    "X_POSITION":0
    },
"ENVIRONMENT":{
    "WIND": "static",
    "DENSITIES":[0.002377, 0.002308, 0.002241, 0.002175, 0.002111,
    0.002048, 0.001987, 0.001927, 0.001869, 0.001812,
    0.001756, 0.001701, 0.001648, 0.001596, 0.001546,
    0.001496, 0.001448, 0.001401, 0.001356, 0.001311,
    0.001267, 0.001225, 0.001184, 0.001144, 0.001105,
    0.001066],
    "VISCOSITIES": [3.7372e-7, 3.7172e-7, 3.6971e-7, 3.6770e-7, 3.6568e-7,
    3.6366e-7, 3.6162e-7, 3.5958e-7, 3.5754e-7, 3.5549e-7,
    3.5343e-7, 3.5136e-7, 3.4928e-7, 3.4720e-7, 3.4512e-7,
    3.4302e-7, 3.4092e-7, 3.3881e-7, 3.3669e-7, 3.3457e-7,
    3.3244e-7, 3.3030e-7, 3.2815e-7, 3.2599e-7, 3.2383e-7,
    3.2166e-7],
    "GRAVITIES": [32.174, 32.171, 32.1679, 32.1648, 32.1617,
    32.1586, 32.1555, 32.1525, 32.1494, 32.1463,
    32.1432, 32.1401, 32.1371, 32.134, 32.1309,
    32.1278, 32.1247, 32.1217, 32.1186, 32.1155,
    32.1124, 32.1094, 32.1063, 32.1032, 32.1001,
    32.0971]
},
"COMPUTATION":{
    "COMPUTATION_TYPE": "iterative",
    "DEPLOY_LOGIC": "True"
}
}
